{
  "DummyClassifier": {
    "accuracy": 0.6766666666666666,
    "f1": 0.0,
    "roc_auc": 0.5
  },
  "LogisticRegression": {
    "accuracy": 0.8275,
    "f1": 0.7076271186440678,
    "roc_auc": 0.8746905312071505
  },
  "DecisionTree": {
    "accuracy": 0.8691666666666666,
    "f1": 0.7942332896461337,
    "roc_auc": 0.9097569162307654
  },
  "RandomForest": {
    "accuracy": 0.92875,
    "f1": 0.8845374746792708,
    "roc_auc": 0.9678632528820273
  },
  "AdaBoostClassifier": {
    "accuracy": 0.84625,
    "f1": 0.7432150313152401,
    "roc_auc": 0.9069911380833883
  }
}