{
  "results": [
    {
      "model": "DecisionTree",
      "accuracy": 0.8691666666666666,
      "f1": 0.7942332896461337,
      "roc_auc": 0.9097569162307654
    },
    {
      "model": "RandomForest",
      "accuracy": 0.92875,
      "f1": 0.8845374746792708,
      "roc_auc": 0.9678632528820273
    },
    {
      "model": "AdaBoost",
      "accuracy": 0.84625,
      "f1": 0.7432150313152401,
      "roc_auc": 0.9069911380833883
    }
  ]
}